<?xml version="1.0" encoding="utf-8"?>
<odoo>
    <data noupdate="1">
        <record id="benevole_cc" model="contact.account">
            <field name="name">Bénévole</field>
        </record>
        <record id="commanditaire_cc" model="contact.account">
            <field name="name">Commanditaire</field>
        </record>
        <record id="conferencier_animateur_cc" model="contact.account">
            <field name="name">Conférencier animateur</field>
        </record>
        <record id="exposant_cc" model="contact.account">
            <field name="name">Exposant</field>
        </record>
        <record id="partner_diffusion_cc" model="contact.account">
            <field name="name">Partenaire de diffusion</field>
        </record>
    </data>
</odoo>
