<?xml version="1.0" encoding="utf-8"?>
<odoo>
    <data noupdate="1">
        <record id="commanditaire_prospect_cs" model="contact.status">
            <field name="name">Commanditaire - Prospect</field>
        </record>
        <record id="exposant_prospect_pascontacte_cs" model="contact.status">
            <field name="name">Exposant - Prospect - Pas encore contacté</field>
        </record>
        <record id="fermeture_temp_entreprise_cs" model="contact.status">
            <field name="name">Fermeture temporaire de l'entreprise</field>
        </record>
        <record id="ne_plus_contacter_cs" model="contact.status">
            <field name="name">Ne plus contacter</field>
        </record>  
    </data>
</odoo>
